[
  {
    "sku": "SHARED-START",
    "category": "Mutualisé",
    "name": "Start 10 Go",
    "description": "Idéal pour un petit site vitrine ou WordPress.",
    "features": [
      "10 Go NVMe",
      "Bande passante illimitée",
      "1 site",
      "SSL gratuit",
      "Sauvegarde quotidienne"
    ],
    "price_eur_month": 2.99,
    "popular": false,
    "checkout_url": "https://paypal.me/JavaBahjidi",
    "checkout_url_year": "https://paypal.me/JavaBahjidi"
  },
  {
    "sku": "SHARED-PRO",
    "category": "Mutualisé",
    "name": "Pro 50 Go",
    "description": "Parfait pour sites professionnels à trafic moyen.",
    "features": [
      "50 Go NVMe",
      "Trafic illimité",
      "5 sites",
      "cPanel",
      "Protection DDoS"
    ],
    "price_eur_month": 5.99,
    "popular": true,
    "checkout_url": "https://paypal.me/JavaBahjidi",
    "checkout_url_year": "https://paypal.me/JavaBahjidi"
  },
  {
    "sku": "VPS-2G",
    "category": "VPS",
    "name": "VPS 2 vCPU / 2 Go",
    "description": "VPS abordable pour projets, bots ou petits serveurs.",
    "features": [
      "2 vCPU",
      "2 Go RAM",
      "40 Go NVMe",
      "1 IPv4",
      "Anti-DDoS"
    ],
    "price_eur_month": 7.99,
    "popular": true,
    "checkout_url": "https://paypal.me/JavaBahjidi",
    "checkout_url_year": "https://paypal.me/JavaBahjidi"
  },
  {
    "sku": "VPS-4G",
    "category": "VPS",
    "name": "VPS 4 vCPU / 8 Go",
    "description": "Puissance pour e‑commerce ou serveurs de jeux légers.",
    "features": [
      "4 vCPU",
      "8 Go RAM",
      "120 Go NVMe",
      "1 IPv4",
      "Anti-DDoS"
    ],
    "price_eur_month": 14.99,
    "popular": false,
    "checkout_url": "https://paypal.me/JavaBahjidi",
    "checkout_url_year": "https://paypal.me/JavaBahjidi"
  },
  {
    "sku": "DED-1",
    "category": "Dédié",
    "name": "Dédié Ryzen™",
    "description": "Serveur dédié pour charges lourdes & virtualisation.",
    "features": [
      "Ryzen 9",
      "64 Go RAM",
      "2x1 To NVMe",
      "1 Gbps",
      "IPMI"
    ],
    "price_eur_month": 59.0,
    "popular": false,
    "checkout_url": "https://paypal.me/JavaBahjidi",
    "checkout_url_year": "https://paypal.me/JavaBahjidi"
  },
  {
    "sku": "DOM-1",
    "category": "Nom de domaine",
    "name": "Nom de domaine .com",
    "description": "Enregistrement et gestion DNS inclus.",
    "features": [
      "DNS managé",
      "WHOIS Privacy",
      "Renouvellement facile"
    ],
    "price_eur_month": 1.1,
    "popular": false,
    "checkout_url": "https://paypal.me/JavaBahjidi"
  }
]